{
    "timestamp": "2026-04-30T13:35:48.096677",
    "classifiers_trained": 7,
    "regressors_trained": 6,
    "clf_models": [
        "logistic_regression",
        "random_forest",
        "knn",
        "xgboost",
        "svm",
        "gaussian_naive_bayes",
        "mlp"
    ],
    "reg_models": [
        "linear_regression",
        "random_forest",
        "gradient_boosting",
        "xgboost",
        "svm",
        "mlp"
    ],
    "clf_metrics": {
        "logistic_regression": {
            "train_accuracy": 0.861878453038674,
            "test_accuracy": 0.8478260869565217,
            "hyperparameters": {
                "C": 4.5705630998014515,
                "max_iter": 1238
            }
        },
        "random_forest": {
            "train_accuracy": 0.9723756906077348,
            "test_accuracy": 0.8478260869565217,
            "hyperparameters": {
                "n_estimators": 337,
                "max_depth": 5,
                "min_samples_split": 7,
                "min_samples_leaf": 1
            }
        },
        "knn": {
            "train_accuracy": 0.6298342541436464,
            "test_accuracy": 0.391304347826087
        },
        "xgboost": {
            "train_accuracy": 1.0,
            "test_accuracy": 0.8695652173913043,
            "hyperparameters": {
                "n_estimators": 162,
                "max_depth": 3,
                "learning_rate": 0.19030368381735815,
                "subsample": 0.8404460046972835,
                "colsample_bytree": 0.8832290311184181
            }
        },
        "svm": {
            "train_accuracy": 0.46408839779005523,
            "test_accuracy": 0.45652173913043476
        },
        "gaussian_naive_bayes": {
            "train_accuracy": 0.5966850828729282,
            "test_accuracy": 0.5652173913043478
        },
        "mlp": {
            "train_accuracy": 0.3701657458563536,
            "test_accuracy": 0.2608695652173913
        }
    },
    "reg_metrics": {
        "linear_regression": {
            "train_r2": 0.9395528874747717,
            "test_r2": 0.7239792044658606,
            "rmse": 5305.505443183528,
            "mae": 3181.565438574409
        },
        "random_forest": {
            "train_r2": 0.96486802781143,
            "test_r2": 0.9401460939986256,
            "rmse": 2470.598147497048,
            "mae": 1532.624154963365,
            "hyperparameters": {
                "n_estimators": 282,
                "max_depth": 17,
                "min_samples_split": 3,
                "min_samples_leaf": 3
            }
        },
        "gradient_boosting": {
            "train_r2": 0.999998434876002,
            "test_r2": 0.9492608287109516,
            "rmse": 2274.7179132597107,
            "mae": 1257.3906769176187
        },
        "xgboost": {
            "train_r2": 0.9991651020614587,
            "test_r2": 0.9518791643601798,
            "rmse": 2215.2484585862635,
            "mae": 1440.5917108645115,
            "hyperparameters": {
                "n_estimators": 345,
                "max_depth": 4,
                "learning_rate": 0.027010527749605478,
                "subsample": 0.7465447373174767,
                "colsample_bytree": 0.7824279936868144
            }
        },
        "svm": {
            "train_r2": -0.16139881885282858,
            "test_r2": -0.2535089322602999,
            "rmse": 11306.27590634025,
            "mae": 7937.146188656555
        },
        "mlp": {
            "train_r2": -2034.3767555621257,
            "test_r2": -342.6908235084455,
            "rmse": 187214.65035946155,
            "mae": 85530.16536673174
        }
    },
    "status": "success",
    "clustering_trained": 3,
    "clustering_models": [
        "kmeans",
        "hierarchical",
        "dbscan"
    ],
    "clustering_metrics": {
        "kmeans": {
            "n_clusters": 3,
            "silhouette_score": 0.8160340984849381,
            "davies_bouldin_score": 0.4067357052461928,
            "inertia": 8.286863643937122e+16
        },
        "hierarchical": {
            "n_clusters": 3,
            "silhouette_score": 0.86729792777455,
            "davies_bouldin_score": 0.278536949515294
        },
        "dbscan": {
            "n_clusters": 0,
            "n_noise_points": 181,
            "silhouette_score": -1,
            "davies_bouldin_score": -1,
            "eps": 0.5,
            "min_samples": 5
        }
    },
    "tuned_params": {
        "logistic_regression": {
            "C": 4.5705630998014515,
            "max_iter": 1238
        },
        "random_forest_clf": {
            "n_estimators": 337,
            "max_depth": 5,
            "min_samples_split": 7,
            "min_samples_leaf": 1
        },
        "xgboost_clf": {
            "n_estimators": 162,
            "max_depth": 3,
            "learning_rate": 0.19030368381735815,
            "subsample": 0.8404460046972835,
            "colsample_bytree": 0.8832290311184181
        },
        "random_forest_reg": {
            "n_estimators": 282,
            "max_depth": 17,
            "min_samples_split": 3,
            "min_samples_leaf": 3
        },
        "xgboost_reg": {
            "n_estimators": 345,
            "max_depth": 4,
            "learning_rate": 0.027010527749605478,
            "subsample": 0.7465447373174767,
            "colsample_bytree": 0.7824279936868144
        }
    }
}